1447439741	WIN-5QJC2P9E0KJ	java.lang:type=Threading	getThreadUserTime	vizqlserver1	2411	796875000
1447439741	WIN-5QJC2P9E0KJ	java.lang:type=Threading	getThreadAllocatedBytes	vizqlserver1	2411	87344488
1447439741	WIN-5QJC2P9E0KJ	java.lang:type=Threading	getThreadCpuTime	vizqlserver1	2100	546875000
1447439741	WIN-5QJC2P9E0KJ	java.lang:type=Threading	getThreadUserTime	vizqlserver1	2100	546875000
1447439741	WIN-5QJC2P9E0KJ	java.lang:type=Threading	getThreadAllocatedBytes	vizqlserver1	2100	85394424
1447439741	WIN-5QJC2P9E0KJ	java.lang:type=Threading	getThreadCpuTime	vizqlserver1	2098	625000000
1447439741	WIN-5QJC2P9E0KJ	java.lang:type=Threading	getThreadUserTime	vizqlserver1	2098	531250000
1447439741	WIN-5QJC2P9E0KJ	java.lang:type=Threading	getThreadAllocatedBytes	vizqlserver1	2098	85669024
1447439741	WIN-5QJC2P9E0KJ	java.lang:type=Threading	getThreadCpuTime	vizqlserver1	2097	671875000
1447439741	WIN-5QJC2P9E0KJ	java.lang:type=Threading	getThreadUserTime	vizqlserver1	2097	671875000
1447439741	WIN-5QJC2P9E0KJ	java.lang:type=Threading	getThreadAllocatedBytes	vizqlserver1	2097	86246272
1447439741	WIN-5QJC2P9E0KJ	java.lang:type=Threading	getThreadCpuTime	vizqlserver1	2095	500000000
1447439741	WIN-5QJC2P9E0KJ	java.lang:type=Threading	getThreadUserTime	vizqlserver1	2095	468750000
1447439741	WIN-5QJC2P9E0KJ	java.lang:type=Threading	getThreadAllocatedBytes	vizqlserver1	2095	89702240
1447439741	WIN-5QJC2P9E0KJ	java.lang:type=Threading	getThreadCpuTime	vizqlserver1	2083	609375000
1447439741	WIN-5QJC2P9E0KJ	java.lang:type=Threading	getThreadUserTime	vizqlserver1	2083	546875000
1447439741	WIN-5QJC2P9E0KJ	java.lang:type=Threading	getThreadAllocatedBytes	vizqlserver1	2083	86104696
1447439741	WIN-5QJC2P9E0KJ	java.lang:type=Threading	getThreadCpuTime	vizqlserver1	2082	406250000
1447439741	WIN-5QJC2P9E0KJ	java.lang:type=Threading	getThreadUserTime	vizqlserver1	2082	375000000
1447439741	WIN-5QJC2P9E0KJ	java.lang:type=Threading	getThreadAllocatedBytes	vizqlserver1	2082	85063088
1447439741	WIN-5QJC2P9E0KJ	java.lang:type=Threading	getThreadCpuTime	vizqlserver1	2081	609375000
1447439741	WIN-5QJC2P9E0KJ	java.lang:type=Threading	getThreadUserTime	vizqlserver1	2081	593750000
1447439741	WIN-5QJC2P9E0KJ	java.lang:type=Threading	getThreadAllocatedBytes	vizqlserver1	2081	85628640
1447439741	WIN-5QJC2P9E0KJ	java.lang:type=Threading	getThreadCpuTime	vizqlserver1	2079	671875000
1447439741	WIN-5QJC2P9E0KJ	java.lang:type=Threading	getThreadUserTime	vizqlserver1	2079	640625000
1447439741	WIN-5QJC2P9E0KJ	java.lang:type=Threading	getThreadAllocatedBytes	vizqlserver1	2079	87336848
1447439741	WIN-5QJC2P9E0KJ	java.lang:type=Threading	getThreadCpuTime	vizqlserver1	2075	437500000
1447439741	WIN-5QJC2P9E0KJ	java.lang:type=Threading	getThreadUserTime	vizqlserver1	2075	437500000
1447439741	WIN-5QJC2P9E0KJ	java.lang:type=Threading	getThreadAllocatedBytes	vizqlserver1	2075	85256928
1447439741	WIN-5QJC2P9E0KJ	java.lang:type=Threading	getThreadCpuTime	vizqlserver1	2073	734375000
1447439741	WIN-5QJC2P9E0KJ	java.lang:type=Threading	getThreadUserTime	vizqlserver1	2073	718750000
1447439741	WIN-5QJC2P9E0KJ	java.lang:type=Threading	getThreadAllocatedBytes	vizqlserver1	2073	85519864
1447439741	WIN-5QJC2P9E0KJ	java.lang:type=Threading	getThreadCpuTime	vizqlserver1	2069	484375000
1447439741	WIN-5QJC2P9E0KJ	java.lang:type=Threading	getThreadUserTime	vizqlserver1	2069	453125000
1447439741	WIN-5QJC2P9E0KJ	java.lang:type=Threading	getThreadAllocatedBytes	vizqlserver1	2069	89483848
1447439741	WIN-5QJC2P9E0KJ	java.lang:type=Threading	getThreadCpuTime	vizqlserver1	2067	625000000
1447439741	WIN-5QJC2P9E0KJ	java.lang:type=Threading	getThreadUserTime	vizqlserver1	2067	546875000
1447439741	WIN-5QJC2P9E0KJ	java.lang:type=Threading	getThreadAllocatedBytes	vizqlserver1	2067	85204160
1447439741	WIN-5QJC2P9E0KJ	java.lang:type=Threading	getThreadCpuTime	vizqlserver1	2066	625000000
1447439741	WIN-5QJC2P9E0KJ	java.lang:type=Threading	getThreadUserTime	vizqlserver1	2066	578125000
1447439741	WIN-5QJC2P9E0KJ	java.lang:type=Threading	getThreadAllocatedBytes	vizqlserver1	2066	86541960
1447439741	WIN-5QJC2P9E0KJ	java.lang:type=Threading	getThreadCpuTime	vizqlserver1	2065	812500000
1447439741	WIN-5QJC2P9E0KJ	java.lang:type=Threading	getThreadUserTime	vizqlserver1	2065	781250000
1447439741	WIN-5QJC2P9E0KJ	java.lang:type=Threading	getThreadAllocatedBytes	vizqlserver1	2065	89740432
1447439741	WIN-5QJC2P9E0KJ	java.lang:type=Threading	getThreadCpuTime	vizqlserver1	2060	687500000
1447439741	WIN-5QJC2P9E0KJ	java.lang:type=Threading	getThreadUserTime	vizqlserver1	2060	593750000
1447439741	WIN-5QJC2P9E0KJ	java.lang:type=Threading	getThreadAllocatedBytes	vizqlserver1	2060	87083280
1447439741	WIN-5QJC2P9E0KJ	java.lang:type=Threading	getThreadCpuTime	vizqlserver1	2059	578125000
1447439741	WIN-5QJC2P9E0KJ	java.lang:type=Threading	getThreadUserTime	vizqlserver1	2059	531250000
1447439741	WIN-5QJC2P9E0KJ	java.lang:type=Threading	getThreadAllocatedBytes	vizqlserver1	2059	87299464
1447439741	WIN-5QJC2P9E0KJ	java.lang:type=Threading	getThreadCpuTime	vizqlserver1	2058	593750000
1447439741	WIN-5QJC2P9E0KJ	java.lang:type=Threading	getThreadUserTime	vizqlserver1	2058	562500000
1447439741	WIN-5QJC2P9E0KJ	java.lang:type=Threading	getThreadAllocatedBytes	vizqlserver1	2058	85913520
1447439741	WIN-5QJC2P9E0KJ	java.lang:type=Threading	getThreadCpuTime	vizqlserver1	2057	640625000
1447439741	WIN-5QJC2P9E0KJ	java.lang:type=Threading	getThreadUserTime	vizqlserver1	2057	578125000
1447439741	WIN-5QJC2P9E0KJ	java.lang:type=Threading	getThreadAllocatedBytes	vizqlserver1	2057	85214736
1447439741	WIN-5QJC2P9E0KJ	java.lang:type=Threading	getThreadCpuTime	vizqlserver1	2055	750000000
1447439741	WIN-5QJC2P9E0KJ	java.lang:type=Threading	getThreadUserTime	vizqlserver1	2055	734375000
1447439741	WIN-5QJC2P9E0KJ	java.lang:type=Threading	getThreadAllocatedBytes	vizqlserver1	2055	86165480
1447439741	WIN-5QJC2P9E0KJ	java.lang:type=Threading	getThreadCpuTime	vizqlserver1	2051	515625000
1447439741	WIN-5QJC2P9E0KJ	java.lang:type=Threading	getThreadUserTime	vizqlserver1	2051	484375000
1447439741	WIN-5QJC2P9E0KJ	java.lang:type=Threading	getThreadAllocatedBytes	vizqlserver1	2051	85496256
1447439741	WIN-5QJC2P9E0KJ	java.lang:type=Threading	getThreadCpuTime	vizqlserver1	2049	453125000
1447439741	WIN-5QJC2P9E0KJ	java.lang:type=Threading	getThreadUserTime	vizqlserver1	2049	453125000
1447439741	WIN-5QJC2P9E0KJ	java.lang:type=Threading	getThreadAllocatedBytes	vizqlserver1	2049	85587560
1447439741	WIN-5QJC2P9E0KJ	java.lang:type=Threading	getThreadCpuTime	vizqlserver1	2044	468750000
1447439741	WIN-5QJC2P9E0KJ	java.lang:type=Threading	getThreadUserTime	vizqlserver1	2044	437500000
1447439741	WIN-5QJC2P9E0KJ	java.lang:type=Threading	getThreadAllocatedBytes	vizqlserver1	2044	85449088
1447439741	WIN-5QJC2P9E0KJ	java.lang:type=Threading	getThreadCpuTime	vizqlserver1	2043	609375000
1447439741	WIN-5QJC2P9E0KJ	java.lang:type=Threading	getThreadUserTime	vizqlserver1	2043	593750000
1447439741	WIN-5QJC2P9E0KJ	java.lang:type=Threading	getThreadAllocatedBytes	vizqlserver1	2043	85919848
1447439741	WIN-5QJC2P9E0KJ	java.lang:type=Threading	getThreadCpuTime	vizqlserver1	2038	625000000
1447439741	WIN-5QJC2P9E0KJ	java.lang:type=Threading	getThreadUserTime	vizqlserver1	2038	593750000
1447439741	WIN-5QJC2P9E0KJ	java.lang:type=Threading	getThreadAllocatedBytes	vizqlserver1	2038	86889000
1447439741	WIN-5QJC2P9E0KJ	java.lang:type=Threading	getThreadCpuTime	vizqlserver1	2037	484375000
1447439741	WIN-5QJC2P9E0KJ	java.lang:type=Threading	getThreadUserTime	vizqlserver1	2037	484375000
1447439741	WIN-5QJC2P9E0KJ	java.lang:type=Threading	getThreadAllocatedBytes	vizqlserver1	2037	86044728
1447439741	WIN-5QJC2P9E0KJ	java.lang:type=Threading	getThreadCpuTime	vizqlserver1	2036	765625000
1447439741	WIN-5QJC2P9E0KJ	java.lang:type=Threading	getThreadUserTime	vizqlserver1	2036	734375000
1447439741	WIN-5QJC2P9E0KJ	java.lang:type=Threading	getThreadAllocatedBytes	vizqlserver1	2036	86595904
1447439741	WIN-5QJC2P9E0KJ	java.lang:type=Threading	getThreadCpuTime	vizqlserver1	2027	500000000
1447439741	WIN-5QJC2P9E0KJ	java.lang:type=Threading	getThreadUserTime	vizqlserver1	2027	484375000
1447439741	WIN-5QJC2P9E0KJ	java.lang:type=Threading	getThreadAllocatedBytes	vizqlserver1	2027	85533792
1447439741	WIN-5QJC2P9E0KJ	java.lang:type=Threading	getThreadCpuTime	vizqlserver1	2022	531250000
1447439741	WIN-5QJC2P9E0KJ	java.lang:type=Threading	getThreadUserTime	vizqlserver1	2022	531250000
1447439741	WIN-5QJC2P9E0KJ	java.lang:type=Threading	getThreadAllocatedBytes	vizqlserver1	2022	85846936
1447439741	WIN-5QJC2P9E0KJ	java.lang:type=Threading	getThreadCpuTime	vizqlserver1	2017	718750000
1447439741	WIN-5QJC2P9E0KJ	java.lang:type=Threading	getThreadUserTime	vizqlserver1	2017	687500000
1447439741	WIN-5QJC2P9E0KJ	java.lang:type=Threading	getThreadAllocatedBytes	vizqlserver1	2017	85716952
1447439741	WIN-5QJC2P9E0KJ	java.lang:type=Threading	getThreadCpuTime	vizqlserver1	2016	296875000
1447439741	WIN-5QJC2P9E0KJ	java.lang:type=Threading	getThreadUserTime	vizqlserver1	2016	265625000
1447439741	WIN-5QJC2P9E0KJ	java.lang:type=Threading	getThreadAllocatedBytes	vizqlserver1	2016	85388160
1447439741	WIN-5QJC2P9E0KJ	java.lang:type=Threading	getThreadCpuTime	vizqlserver1	2015	593750000
1447439741	WIN-5QJC2P9E0KJ	java.lang:type=Threading	getThreadUserTime	vizqlserver1	2015	562500000
1447439741	WIN-5QJC2P9E0KJ	java.lang:type=Threading	getThreadAllocatedBytes	vizqlserver1	2015	85763672
1447439741	WIN-5QJC2P9E0KJ	java.lang:type=Threading	getThreadCpuTime	vizqlserver1	2002	546875000
1447439741	WIN-5QJC2P9E0KJ	java.lang:type=Threading	getThreadUserTime	vizqlserver1	2002	531250000
1447439741	WIN-5QJC2P9E0KJ	java.lang:type=Threading	getThreadAllocatedBytes	vizqlserver1	2002	86105968
1447439741	WIN-5QJC2P9E0KJ	java.lang:type=Threading	getThreadCpuTime	vizqlserver1	1993	531250000
1447439741	WIN-5QJC2P9E0KJ	java.lang:type=Threading	getThreadUserTime	vizqlserver1	1993	500000000
1447439741	WIN-5QJC2P9E0KJ	java.lang:type=Threading	getThreadAllocatedBytes	vizqlserver1	1993	86002320
1447439741	WIN-5QJC2P9E0KJ	java.lang:type=Threading	getThreadCpuTime	vizqlserver1	1784	421875000
1447439741	WIN-5QJC2P9E0KJ	java.lang:type=Threading	getThreadUserTime	vizqlserver1	1784	421875000
1447439741	WIN-5QJC2P9E0KJ	java.lang:type=Threading	getThreadAllocatedBytes	vizqlserver1	1784	84904120
1447439741	WIN-5QJC2P9E0KJ	java.lang:type=Threading	getThreadCpuTime	vizqlserver1	1783	531250000
1447439741	WIN-5QJC2P9E0KJ	java.lang:type=Threading	getThreadUserTime	vizqlserver1	1783	500000000
1447439741	WIN-5QJC2P9E0KJ	java.lang:type=Threading	getThreadAllocatedBytes	vizqlserver1	1783	86963472
1447439741	WIN-5QJC2P9E0KJ	java.lang:type=Threading	getThreadCpuTime	vizqlserver1	1782	484375000
1447439741	WIN-5QJC2P9E0KJ	java.lang:type=Threading	getThreadUserTime	vizqlserver1	1782	453125000
1447439741	WIN-5QJC2P9E0KJ	java.lang:type=Threading	getThreadAllocatedBytes	vizqlserver1	1782	86194096
1447439741	WIN-5QJC2P9E0KJ	java.lang:type=Threading	getThreadCpuTime	vizqlserver1	1781	484375000
1447439741	WIN-5QJC2P9E0KJ	java.lang:type=Threading	getThreadUserTime	vizqlserver1	1781	437500000
1447439741	WIN-5QJC2P9E0KJ	java.lang:type=Threading	getThreadAllocatedBytes	vizqlserver1	1781	85176480
1447439741	WIN-5QJC2P9E0KJ	java.lang:type=Threading	getThreadCpuTime	vizqlserver1	1780	421875000
1447439741	WIN-5QJC2P9E0KJ	java.lang:type=Threading	getThreadUserTime	vizqlserver1	1780	421875000
1447439741	WIN-5QJC2P9E0KJ	java.lang:type=Threading	getThreadAllocatedBytes	vizqlserver1	1780	85326488
1447439741	WIN-5QJC2P9E0KJ	java.lang:type=Threading	getThreadCpuTime	vizqlserver1	1779	562500000
1447439741	WIN-5QJC2P9E0KJ	java.lang:type=Threading	getThreadUserTime	vizqlserver1	1779	515625000
1447439741	WIN-5QJC2P9E0KJ	java.lang:type=Threading	getThreadAllocatedBytes	vizqlserver1	1779	85509448
1447439741	WIN-5QJC2P9E0KJ	java.lang:type=Threading	getThreadCpuTime	vizqlserver1	1778	578125000
1447439741	WIN-5QJC2P9E0KJ	java.lang:type=Threading	getThreadUserTime	vizqlserver1	1778	500000000
1447439741	WIN-5QJC2P9E0KJ	java.lang:type=Threading	getThreadAllocatedBytes	vizqlserver1	1778	86245112
1447439741	WIN-5QJC2P9E0KJ	java.lang:type=Threading	getThreadCpuTime	vizqlserver1	1777	562500000
1447439741	WIN-5QJC2P9E0KJ	java.lang:type=Threading	getThreadUserTime	vizqlserver1	1777	531250000
1447439741	WIN-5QJC2P9E0KJ	java.lang:type=Threading	getThreadAllocatedBytes	vizqlserver1	1777	85933384
1447439741	WIN-5QJC2P9E0KJ	java.lang:type=Threading	getThreadCpuTime	vizqlserver1	1700	843750000
1447439741	WIN-5QJC2P9E0KJ	java.lang:type=Threading	getThreadUserTime	vizqlserver1	1700	828125000
1447439741	WIN-5QJC2P9E0KJ	java.lang:type=Threading	getThreadAllocatedBytes	vizqlserver1	1700	92806256
1447439741	WIN-5QJC2P9E0KJ	java.lang:type=Threading	getThreadCpuTime	vizqlserver1	1684	2015625000
1447439741	WIN-5QJC2P9E0KJ	java.lang:type=Threading	getThreadUserTime	vizqlserver1	1684	1875000000
1447439741	WIN-5QJC2P9E0KJ	java.lang:type=Threading	getThreadAllocatedBytes	vizqlserver1	1684	88092216
1447439741	WIN-5QJC2P9E0KJ	java.lang:type=Threading	getThreadCpuTime	vizqlserver1	1683	828125000
1447439741	WIN-5QJC2P9E0KJ	java.lang:type=Threading	getThreadUserTime	vizqlserver1	1683	765625000
1447439741	WIN-5QJC2P9E0KJ	java.lang:type=Threading	getThreadAllocatedBytes	vizqlserver1	1683	89137792
1447439741	WIN-5QJC2P9E0KJ	java.lang:type=Threading	getThreadCpuTime	vizqlserver1	1507	546875000
1447439741	WIN-5QJC2P9E0KJ	java.lang:type=Threading	getThreadUserTime	vizqlserver1	1507	515625000
1447439741	WIN-5QJC2P9E0KJ	java.lang:type=Threading	getThreadAllocatedBytes	vizqlserver1	1507	85355592
1447439741	WIN-5QJC2P9E0KJ	java.lang:type=Threading	getThreadCpuTime	vizqlserver1	1506	968750000
1447439741	WIN-5QJC2P9E0KJ	java.lang:type=Threading	getThreadUserTime	vizqlserver1	1506	890625000
1447439741	WIN-5QJC2P9E0KJ	java.lang:type=Threading	getThreadAllocatedBytes	vizqlserver1	1506	90595656
1447439741	WIN-5QJC2P9E0KJ	java.lang:type=Threading	getThreadCpuTime	vizqlserver1	1505	750000000
1447439741	WIN-5QJC2P9E0KJ	java.lang:type=Threading	getThreadUserTime	vizqlserver1	1505	718750000
1447439741	WIN-5QJC2P9E0KJ	java.lang:type=Threading	getThreadAllocatedBytes	vizqlserver1	1505	90197016
1447439741	WIN-5QJC2P9E0KJ	java.lang:type=Threading	getThreadCpuTime	vizqlserver1	1504	1015625000
1447439741	WIN-5QJC2P9E0KJ	java.lang:type=Threading	getThreadUserTime	vizqlserver1	1504	953125000
1447439741	WIN-5QJC2P9E0KJ	java.lang:type=Threading	getThreadAllocatedBytes	vizqlserver1	1504	93539072
1447439741	WIN-5QJC2P9E0KJ	java.lang:type=Threading	getThreadCpuTime	vizqlserver1	1503	828125000
1447439741	WIN-5QJC2P9E0KJ	java.lang:type=Threading	getThreadUserTime	vizqlserver1	1503	781250000
1447439741	WIN-5QJC2P9E0KJ	java.lang:type=Threading	getThreadAllocatedBytes	vizqlserver1	1503	92705720
1447439741	WIN-5QJC2P9E0KJ	java.lang:type=Threading	getThreadCpuTime	vizqlserver1	1302	1203125000
1447439741	WIN-5QJC2P9E0KJ	java.lang:type=Threading	getThreadUserTime	vizqlserver1	1302	1078125000
1447439741	WIN-5QJC2P9E0KJ	java.lang:type=Threading	getThreadAllocatedBytes	vizqlserver1	1302	89955936
1447439741	WIN-5QJC2P9E0KJ	java.lang:type=Threading	getThreadCpuTime	vizqlserver1	1261	906250000
1447439741	WIN-5QJC2P9E0KJ	java.lang:type=Threading	getThreadUserTime	vizqlserver1	1261	812500000
1447439741	WIN-5QJC2P9E0KJ	java.lang:type=Threading	getThreadAllocatedBytes	vizqlserver1	1261	93646064
1447439741	WIN-5QJC2P9E0KJ	java.lang:type=Threading	getThreadCpuTime	vizqlserver1	1106	593750000
1447439741	WIN-5QJC2P9E0KJ	java.lang:type=Threading	getThreadUserTime	vizqlserver1	1106	578125000
1447439741	WIN-5QJC2P9E0KJ	java.lang:type=Threading	getThreadAllocatedBytes	vizqlserver1	1106	89222864
1447439741	WIN-5QJC2P9E0KJ	java.lang:type=Threading	getThreadCpuTime	vizqlserver1	1065	656250000
1447439741	WIN-5QJC2P9E0KJ	java.lang:type=Threading	getThreadUserTime	vizqlserver1	1065	625000000
1447439741	WIN-5QJC2P9E0KJ	java.lang:type=Threading	getThreadAllocatedBytes	vizqlserver1	1065	90082600
1447439741	WIN-5QJC2P9E0KJ	java.lang:type=Threading	getThreadCpuTime	vizqlserver1	580	1343750000
1447439741	WIN-5QJC2P9E0KJ	java.lang:type=Threading	getThreadUserTime	vizqlserver1	580	1250000000
1447439741	WIN-5QJC2P9E0KJ	java.lang:type=Threading	getThreadAllocatedBytes	vizqlserver1	580	91253816
1447439741	WIN-5QJC2P9E0KJ	java.lang:type=Threading	getThreadCpuTime	vizqlserver1	539	1109375000
1447439741	WIN-5QJC2P9E0KJ	java.lang:type=Threading	getThreadUserTime	vizqlserver1	539	953125000
1447439741	WIN-5QJC2P9E0KJ	java.lang:type=Threading	getThreadAllocatedBytes	vizqlserver1	539	93955544
1447439741	WIN-5QJC2P9E0KJ	java.lang:type=Threading	getThreadCpuTime	vizqlserver1	498	1296875000
1447439741	WIN-5QJC2P9E0KJ	java.lang:type=Threading	getThreadUserTime	vizqlserver1	498	1218750000
1447439742	WIN-5QJC2P9E0KJ	java.lang:type=Threading	getThreadAllocatedBytes	vizqlserver1	498	97818416
1447439742	WIN-5QJC2P9E0KJ	java.lang:type=Threading	getThreadCpuTime	vizqlserver1	392	734375000
1447439742	WIN-5QJC2P9E0KJ	java.lang:type=Threading	getThreadUserTime	vizqlserver1	392	703125000
1447439742	WIN-5QJC2P9E0KJ	java.lang:type=Threading	getThreadAllocatedBytes	vizqlserver1	392	91198128
1447439742	WIN-5QJC2P9E0KJ	java.lang:type=Threading	getThreadCpuTime	vizqlserver1	360	406250000
1447439742	WIN-5QJC2P9E0KJ	java.lang:type=Threading	getThreadUserTime	vizqlserver1	360	406250000
1447439742	WIN-5QJC2P9E0KJ	java.lang:type=Threading	getThreadAllocatedBytes	vizqlserver1	360	85666112
1447439742	WIN-5QJC2P9E0KJ	java.lang:type=Threading	getThreadCpuTime	vizqlserver1	359	500000000
1447439742	WIN-5QJC2P9E0KJ	java.lang:type=Threading	getThreadUserTime	vizqlserver1	359	500000000
1447439742	WIN-5QJC2P9E0KJ	java.lang:type=Threading	getThreadAllocatedBytes	vizqlserver1	359	86380640
1447439742	WIN-5QJC2P9E0KJ	java.lang:type=Threading	getThreadCpuTime	vizqlserver1	358	890625000
1447439742	WIN-5QJC2P9E0KJ	java.lang:type=Threading	getThreadUserTime	vizqlserver1	358	859375000
1447439742	WIN-5QJC2P9E0KJ	java.lang:type=Threading	getThreadAllocatedBytes	vizqlserver1	358	88091432
1447439742	WIN-5QJC2P9E0KJ	java.lang:type=Threading	getThreadCpuTime	vizqlserver1	357	671875000
1447439742	WIN-5QJC2P9E0KJ	java.lang:type=Threading	getThreadUserTime	vizqlserver1	357	625000000
1447439742	WIN-5QJC2P9E0KJ	java.lang:type=Threading	getThreadAllocatedBytes	vizqlserver1	357	90606208
1447439742	WIN-5QJC2P9E0KJ	java.lang:type=Threading	getThreadCpuTime	vizqlserver1	356	140625000
1447439742	WIN-5QJC2P9E0KJ	java.lang:type=Threading	getThreadUserTime	vizqlserver1	356	125000000
1447439742	WIN-5QJC2P9E0KJ	java.lang:type=Threading	getThreadAllocatedBytes	vizqlserver1	356	13970160
1447439742	WIN-5QJC2P9E0KJ	java.lang:type=Threading	getThreadCpuTime	vizqlserver1	315	1187500000
1447439742	WIN-5QJC2P9E0KJ	java.lang:type=Threading	getThreadUserTime	vizqlserver1	315	1109375000
1447439742	WIN-5QJC2P9E0KJ	java.lang:type=Threading	getThreadAllocatedBytes	vizqlserver1	315	97535664
1447439742	WIN-5QJC2P9E0KJ	java.lang:type=Threading	getThreadCpuTime	vizqlserver1	314	35953125000
1447439742	WIN-5QJC2P9E0KJ	java.lang:type=Threading	getThreadUserTime	vizqlserver1	314	24125000000
1447439742	WIN-5QJC2P9E0KJ	java.lang:type=Threading	getThreadAllocatedBytes	vizqlserver1	314	6473888640
1447439742	WIN-5QJC2P9E0KJ	java.lang:type=Threading	getThreadCpuTime	vizqlserver1	313	0
1447439742	WIN-5QJC2P9E0KJ	java.lang:type=Threading	getThreadUserTime	vizqlserver1	313	0
1447439742	WIN-5QJC2P9E0KJ	java.lang:type=Threading	getThreadAllocatedBytes	vizqlserver1	313	2758968
1447439742	WIN-5QJC2P9E0KJ	java.lang:type=Threading	getThreadCpuTime	vizqlserver1	308	0
1447439742	WIN-5QJC2P9E0KJ	java.lang:type=Threading	getThreadUserTime	vizqlserver1	308	0
1447439742	WIN-5QJC2P9E0KJ	java.lang:type=Threading	getThreadAllocatedBytes	vizqlserver1	308	503064
1447439742	WIN-5QJC2P9E0KJ	java.lang:type=Threading	getThreadCpuTime	vizqlserver1	307	171875000
1447439742	WIN-5QJC2P9E0KJ	java.lang:type=Threading	getThreadUserTime	vizqlserver1	307	140625000
1447439742	WIN-5QJC2P9E0KJ	java.lang:type=Threading	getThreadAllocatedBytes	vizqlserver1	307	7096816
1447439742	WIN-5QJC2P9E0KJ	java.lang:type=Threading	getThreadCpuTime	vizqlserver1	306	0
1447439742	WIN-5QJC2P9E0KJ	java.lang:type=Threading	getThreadUserTime	vizqlserver1	306	0
1447439742	WIN-5QJC2P9E0KJ	java.lang:type=Threading	getThreadAllocatedBytes	vizqlserver1	306	32
1447439742	WIN-5QJC2P9E0KJ	java.lang:type=Threading	getThreadCpuTime	vizqlserver1	305	0
1447439742	WIN-5QJC2P9E0KJ	java.lang:type=Threading	getThreadUserTime	vizqlserver1	305	0
1447439742	WIN-5QJC2P9E0KJ	java.lang:type=Threading	getThreadAllocatedBytes	vizqlserver1	305	532096
1447439742	WIN-5QJC2P9E0KJ	java.lang:type=Threading	getThreadCpuTime	vizqlserver1	304	0
1447439742	WIN-5QJC2P9E0KJ	java.lang:type=Threading	getThreadUserTime	vizqlserver1	304	0
1447439742	WIN-5QJC2P9E0KJ	java.lang:type=Threading	getThreadAllocatedBytes	vizqlserver1	304	15898832
1447439742	WIN-5QJC2P9E0KJ	java.lang:type=Threading	getThreadCpuTime	vizqlserver1	303	0
1447439742	WIN-5QJC2P9E0KJ	java.lang:type=Threading	getThreadUserTime	vizqlserver1	303	0
1447439742	WIN-5QJC2P9E0KJ	java.lang:type=Threading	getThreadAllocatedBytes	vizqlserver1	303	184
1447439742	WIN-5QJC2P9E0KJ	java.lang:type=Threading	getThreadCpuTime	vizqlserver1	298	15625000
1447439742	WIN-5QJC2P9E0KJ	java.lang:type=Threading	getThreadUserTime	vizqlserver1	298	15625000
1447439742	WIN-5QJC2P9E0KJ	java.lang:type=Threading	getThreadAllocatedBytes	vizqlserver1	298	956696
1447439742	WIN-5QJC2P9E0KJ	java.lang:type=Threading	getThreadCpuTime	vizqlserver1	297	1515625000
1447439742	WIN-5QJC2P9E0KJ	java.lang:type=Threading	getThreadUserTime	vizqlserver1	297	1296875000
1447439742	WIN-5QJC2P9E0KJ	java.lang:type=Threading	getThreadAllocatedBytes	vizqlserver1	297	183791472
1447439742	WIN-5QJC2P9E0KJ	java.lang:type=Threading	getThreadCpuTime	vizqlserver1	296	484375000
1447439742	WIN-5QJC2P9E0KJ	java.lang:type=Threading	getThreadUserTime	vizqlserver1	296	484375000
1447439742	WIN-5QJC2P9E0KJ	java.lang:type=Threading	getThreadAllocatedBytes	vizqlserver1	296	84998920
1447439742	WIN-5QJC2P9E0KJ	java.lang:type=Threading	getThreadCpuTime	vizqlserver1	47	0
1447439742	WIN-5QJC2P9E0KJ	java.lang:type=Threading	getThreadUserTime	vizqlserver1	47	0
1447439742	WIN-5QJC2P9E0KJ	java.lang:type=Threading	getThreadAllocatedBytes	vizqlserver1	47	3516448
1447439742	WIN-5QJC2P9E0KJ	java.lang:type=Threading	getThreadCpuTime	vizqlserver1	44	0
1447439742	WIN-5QJC2P9E0KJ	java.lang:type=Threading	getThreadUserTime	vizqlserver1	44	0
1447439742	WIN-5QJC2P9E0KJ	java.lang:type=Threading	getThreadAllocatedBytes	vizqlserver1	44	1808672
1447439742	WIN-5QJC2P9E0KJ	java.lang:type=Threading	getThreadCpuTime	vizqlserver1	43	31250000
1447439742	WIN-5QJC2P9E0KJ	java.lang:type=Threading	getThreadUserTime	vizqlserver1	43	31250000
1447439742	WIN-5QJC2P9E0KJ	java.lang:type=Threading	getThreadAllocatedBytes	vizqlserver1	43	792976
1447439742	WIN-5QJC2P9E0KJ	java.lang:type=Threading	getThreadCpuTime	vizqlserver1	42	0
1447439742	WIN-5QJC2P9E0KJ	java.lang:type=Threading	getThreadUserTime	vizqlserver1	42	0
1447439742	WIN-5QJC2P9E0KJ	java.lang:type=Threading	getThreadAllocatedBytes	vizqlserver1	42	0
1447439742	WIN-5QJC2P9E0KJ	java.lang:type=Threading	getThreadCpuTime	vizqlserver1	41	203125000
1447439742	WIN-5QJC2P9E0KJ	java.lang:type=Threading	getThreadUserTime	vizqlserver1	41	125000000
1447439742	WIN-5QJC2P9E0KJ	java.lang:type=Threading	getThreadAllocatedBytes	vizqlserver1	41	23327896
1447439742	WIN-5QJC2P9E0KJ	java.lang:type=Threading	getThreadCpuTime	vizqlserver1	40	0
1447439742	WIN-5QJC2P9E0KJ	java.lang:type=Threading	getThreadUserTime	vizqlserver1	40	0
1447439742	WIN-5QJC2P9E0KJ	java.lang:type=Threading	getThreadAllocatedBytes	vizqlserver1	40	2070904
1447439742	WIN-5QJC2P9E0KJ	java.lang:type=Threading	getThreadCpuTime	vizqlserver1	39	15625000
1447439742	WIN-5QJC2P9E0KJ	java.lang:type=Threading	getThreadUserTime	vizqlserver1	39	0
1447439742	WIN-5QJC2P9E0KJ	java.lang:type=Threading	getThreadAllocatedBytes	vizqlserver1	39	120
1447439742	WIN-5QJC2P9E0KJ	java.lang:type=Threading	getThreadCpuTime	vizqlserver1	38	0
1447439742	WIN-5QJC2P9E0KJ	java.lang:type=Threading	getThreadUserTime	vizqlserver1	38	0
1447439742	WIN-5QJC2P9E0KJ	java.lang:type=Threading	getThreadAllocatedBytes	vizqlserver1	38	0
1447439742	WIN-5QJC2P9E0KJ	java.lang:type=Threading	getThreadCpuTime	vizqlserver1	37	0
1447439742	WIN-5QJC2P9E0KJ	java.lang:type=Threading	getThreadUserTime	vizqlserver1	37	0
1447439742	WIN-5QJC2P9E0KJ	java.lang:type=Threading	getThreadAllocatedBytes	vizqlserver1	37	262384
1447439742	WIN-5QJC2P9E0KJ	java.lang:type=Threading	getThreadCpuTime	vizqlserver1	36	0
1447439742	WIN-5QJC2P9E0KJ	java.lang:type=Threading	getThreadUserTime	vizqlserver1	36	0
1447439742	WIN-5QJC2P9E0KJ	java.lang:type=Threading	getThreadAllocatedBytes	vizqlserver1	36	5089408
1447439742	WIN-5QJC2P9E0KJ	java.lang:type=Threading	getThreadCpuTime	vizqlserver1	35	125000000
1447439742	WIN-5QJC2P9E0KJ	java.lang:type=Threading	getThreadUserTime	vizqlserver1	35	109375000
1447439742	WIN-5QJC2P9E0KJ	java.lang:type=Threading	getThreadAllocatedBytes	vizqlserver1	35	8015896
1447439742	WIN-5QJC2P9E0KJ	java.lang:type=Threading	getThreadCpuTime	vizqlserver1	34	187500000
1447439742	WIN-5QJC2P9E0KJ	java.lang:type=Threading	getThreadUserTime	vizqlserver1	34	125000000
1447439742	WIN-5QJC2P9E0KJ	java.lang:type=Threading	getThreadAllocatedBytes	vizqlserver1	34	25997464
1447439742	WIN-5QJC2P9E0KJ	java.lang:type=Threading	getThreadCpuTime	vizqlserver1	33	46875000
1447439742	WIN-5QJC2P9E0KJ	java.lang:type=Threading	getThreadUserTime	vizqlserver1	33	46875000
1447439742	WIN-5QJC2P9E0KJ	java.lang:type=Threading	getThreadAllocatedBytes	vizqlserver1	33	25005824
1447439742	WIN-5QJC2P9E0KJ	java.lang:type=Threading	getThreadCpuTime	vizqlserver1	32	7421875000
1447439742	WIN-5QJC2P9E0KJ	java.lang:type=Threading	getThreadUserTime	vizqlserver1	32	2578125000
1447439742	WIN-5QJC2P9E0KJ	java.lang:type=Threading	getThreadAllocatedBytes	vizqlserver1	32	857098472
1447439742	WIN-5QJC2P9E0KJ	java.lang:type=Threading	getThreadCpuTime	vizqlserver1	28	15625000
1447439742	WIN-5QJC2P9E0KJ	java.lang:type=Threading	getThreadUserTime	vizqlserver1	28	0
1447439742	WIN-5QJC2P9E0KJ	java.lang:type=Threading	getThreadAllocatedBytes	vizqlserver1	28	326432
1447439742	WIN-5QJC2P9E0KJ	java.lang:type=Threading	getThreadCpuTime	vizqlserver1	25	0
1447439742	WIN-5QJC2P9E0KJ	java.lang:type=Threading	getThreadUserTime	vizqlserver1	25	0
1447439742	WIN-5QJC2P9E0KJ	java.lang:type=Threading	getThreadAllocatedBytes	vizqlserver1	25	0
1447439742	WIN-5QJC2P9E0KJ	java.lang:type=Threading	getThreadCpuTime	vizqlserver1	24	0
1447439742	WIN-5QJC2P9E0KJ	java.lang:type=Threading	getThreadUserTime	vizqlserver1	24	0
1447439742	WIN-5QJC2P9E0KJ	java.lang:type=Threading	getThreadAllocatedBytes	vizqlserver1	24	600
1447439742	WIN-5QJC2P9E0KJ	java.lang:type=Threading	getThreadCpuTime	vizqlserver1	23	0
1447439742	WIN-5QJC2P9E0KJ	java.lang:type=Threading	getThreadUserTime	vizqlserver1	23	0
1447439742	WIN-5QJC2P9E0KJ	java.lang:type=Threading	getThreadAllocatedBytes	vizqlserver1	23	48096
1447439742	WIN-5QJC2P9E0KJ	java.lang:type=Threading	getThreadCpuTime	vizqlserver1	22	15625000
1447439742	WIN-5QJC2P9E0KJ	java.lang:type=Threading	getThreadUserTime	vizqlserver1	22	15625000
1447439742	WIN-5QJC2P9E0KJ	java.lang:type=Threading	getThreadAllocatedBytes	vizqlserver1	22	484376
1447439742	WIN-5QJC2P9E0KJ	java.lang:type=Threading	getThreadCpuTime	vizqlserver1	6	0
1447439742	WIN-5QJC2P9E0KJ	java.lang:type=Threading	getThreadUserTime	vizqlserver1	6	0
1447439742	WIN-5QJC2P9E0KJ	java.lang:type=Threading	getThreadAllocatedBytes	vizqlserver1	6	0
1447439742	WIN-5QJC2P9E0KJ	java.lang:type=Threading	getThreadCpuTime	vizqlserver1	5	0
1447439742	WIN-5QJC2P9E0KJ	java.lang:type=Threading	getThreadUserTime	vizqlserver1	5	0
1447439742	WIN-5QJC2P9E0KJ	java.lang:type=Threading	getThreadAllocatedBytes	vizqlserver1	5	0
1447439742	WIN-5QJC2P9E0KJ	java.lang:type=Threading	getThreadCpuTime	vizqlserver1	3	546875000
1447439742	WIN-5QJC2P9E0KJ	java.lang:type=Threading	getThreadUserTime	vizqlserver1	3	296875000
1447439742	WIN-5QJC2P9E0KJ	java.lang:type=Threading	getThreadAllocatedBytes	vizqlserver1	3	5376
1447439742	WIN-5QJC2P9E0KJ	java.lang:type=Threading	getThreadCpuTime	vizqlserver1	2	406250000
1447439742	WIN-5QJC2P9E0KJ	java.lang:type=Threading	getThreadUserTime	vizqlserver1	2	343750000
1447439742	WIN-5QJC2P9E0KJ	java.lang:type=Threading	getThreadAllocatedBytes	vizqlserver1	2	0
1447439742	WIN-5QJC2P9E0KJ	java.lang:type=Threading	getThreadCpuTime	vizqlserver1	1	2046875000
1447439742	WIN-5QJC2P9E0KJ	java.lang:type=Threading	getThreadUserTime	vizqlserver1	1	1812500000
1447439742	WIN-5QJC2P9E0KJ	java.lang:type=Threading	getThreadAllocatedBytes	vizqlserver1	1	24939160
1447439742	WIN-5QJC2P9E0KJ	java.lang:type=Threading	getThreadCpuTime	dataserver2	25647	-1
1447439742	WIN-5QJC2P9E0KJ	java.lang:type=Threading	getThreadUserTime	dataserver2	25647	-1
1447439742	WIN-5QJC2P9E0KJ	java.lang:type=Threading	getThreadAllocatedBytes	dataserver2	25647	-1
1447439742	WIN-5QJC2P9E0KJ	java.lang:type=Threading	getThreadCpuTime	dataserver2	24083	656250000
1447439742	WIN-5QJC2P9E0KJ	java.lang:type=Threading	getThreadUserTime	dataserver2	24083	468750000
1447439742	WIN-5QJC2P9E0KJ	java.lang:type=Threading	getThreadAllocatedBytes	dataserver2	24083	80676776
1447439742	WIN-5QJC2P9E0KJ	java.lang:type=Threading	getThreadCpuTime	dataserver2	21437	421875000
1447439742	WIN-5QJC2P9E0KJ	java.lang:type=Threading	getThreadUserTime	dataserver2	21437	250000000
1447439742	WIN-5QJC2P9E0KJ	java.lang:type=Threading	getThreadAllocatedBytes	dataserver2	21437	40543120
1447439742	WIN-5QJC2P9E0KJ	java.lang:type=Threading	getThreadCpuTime	dataserver2	78	0
1447439742	WIN-5QJC2P9E0KJ	java.lang:type=Threading	getThreadUserTime	dataserver2	78	0
1447439742	WIN-5QJC2P9E0KJ	java.lang:type=Threading	getThreadAllocatedBytes	dataserver2	78	481504
1447439742	WIN-5QJC2P9E0KJ	java.lang:type=Threading	getThreadCpuTime	dataserver2	64	109375000
1447439742	WIN-5QJC2P9E0KJ	java.lang:type=Threading	getThreadUserTime	dataserver2	64	93750000
1447439742	WIN-5QJC2P9E0KJ	java.lang:type=Threading	getThreadAllocatedBytes	dataserver2	64	5611144
1447439742	WIN-5QJC2P9E0KJ	java.lang:type=Threading	getThreadCpuTime	dataserver2	63	500000000
1447439742	WIN-5QJC2P9E0KJ	java.lang:type=Threading	getThreadUserTime	dataserver2	63	484375000
1447439742	WIN-5QJC2P9E0KJ	java.lang:type=Threading	getThreadAllocatedBytes	dataserver2	63	3225456
1447439742	WIN-5QJC2P9E0KJ	java.lang:type=Threading	getThreadCpuTime	dataserver2	57	0
1447439742	WIN-5QJC2P9E0KJ	java.lang:type=Threading	getThreadUserTime	dataserver2	57	0
1447439742	WIN-5QJC2P9E0KJ	java.lang:type=Threading	getThreadAllocatedBytes	dataserver2	57	493584
1447439742	WIN-5QJC2P9E0KJ	java.lang:type=Threading	getThreadCpuTime	dataserver2	56	0
1447439742	WIN-5QJC2P9E0KJ	java.lang:type=Threading	getThreadUserTime	dataserver2	56	0
1447439742	WIN-5QJC2P9E0KJ	java.lang:type=Threading	getThreadAllocatedBytes	dataserver2	56	32
1447439742	WIN-5QJC2P9E0KJ	java.lang:type=Threading	getThreadCpuTime	dataserver2	55	15625000
1447439742	WIN-5QJC2P9E0KJ	java.lang:type=Threading	getThreadUserTime	dataserver2	55	0
1447439742	WIN-5QJC2P9E0KJ	java.lang:type=Threading	getThreadAllocatedBytes	dataserver2	55	520712
1447439742	WIN-5QJC2P9E0KJ	java.lang:type=Threading	getThreadCpuTime	dataserver2	54	0
1447439742	WIN-5QJC2P9E0KJ	java.lang:type=Threading	getThreadUserTime	dataserver2	54	0
1447439742	WIN-5QJC2P9E0KJ	java.lang:type=Threading	getThreadAllocatedBytes	dataserver2	54	15842072
1447439742	WIN-5QJC2P9E0KJ	java.lang:type=Threading	getThreadCpuTime	dataserver2	53	0
1447439742	WIN-5QJC2P9E0KJ	java.lang:type=Threading	getThreadUserTime	dataserver2	53	0
1447439742	WIN-5QJC2P9E0KJ	java.lang:type=Threading	getThreadAllocatedBytes	dataserver2	53	184
1447439742	WIN-5QJC2P9E0KJ	java.lang:type=Threading	getThreadCpuTime	dataserver2	48	15625000
1447439742	WIN-5QJC2P9E0KJ	java.lang:type=Threading	getThreadUserTime	dataserver2	48	15625000
1447439742	WIN-5QJC2P9E0KJ	java.lang:type=Threading	getThreadAllocatedBytes	dataserver2	48	938320
1447439742	WIN-5QJC2P9E0KJ	java.lang:type=Threading	getThreadCpuTime	dataserver2	47	656250000
1447439742	WIN-5QJC2P9E0KJ	java.lang:type=Threading	getThreadUserTime	dataserver2	47	593750000
1447439742	WIN-5QJC2P9E0KJ	java.lang:type=Threading	getThreadAllocatedBytes	dataserver2	47	70279696
1447439742	WIN-5QJC2P9E0KJ	java.lang:type=Threading	getThreadCpuTime	dataserver2	46	109375000
1447439742	WIN-5QJC2P9E0KJ	java.lang:type=Threading	getThreadUserTime	dataserver2	46	93750000
1447439742	WIN-5QJC2P9E0KJ	java.lang:type=Threading	getThreadAllocatedBytes	dataserver2	46	4039760
1447439742	WIN-5QJC2P9E0KJ	java.lang:type=Threading	getThreadCpuTime	dataserver2	44	0
1447439742	WIN-5QJC2P9E0KJ	java.lang:type=Threading	getThreadUserTime	dataserver2	44	0
1447439742	WIN-5QJC2P9E0KJ	java.lang:type=Threading	getThreadAllocatedBytes	dataserver2	44	1802208
1447439742	WIN-5QJC2P9E0KJ	java.lang:type=Threading	getThreadCpuTime	dataserver2	43	46875000
1447439742	WIN-5QJC2P9E0KJ	java.lang:type=Threading	getThreadUserTime	dataserver2	43	15625000
1447439742	WIN-5QJC2P9E0KJ	java.lang:type=Threading	getThreadAllocatedBytes	dataserver2	43	97288
1447439742	WIN-5QJC2P9E0KJ	java.lang:type=Threading	getThreadCpuTime	dataserver2	42	0
1447439742	WIN-5QJC2P9E0KJ	java.lang:type=Threading	getThreadUserTime	dataserver2	42	0
1447439742	WIN-5QJC2P9E0KJ	java.lang:type=Threading	getThreadAllocatedBytes	dataserver2	42	0
1447439742	WIN-5QJC2P9E0KJ	java.lang:type=Threading	getThreadCpuTime	dataserver2	41	0
1447439742	WIN-5QJC2P9E0KJ	java.lang:type=Threading	getThreadUserTime	dataserver2	41	0
1447439742	WIN-5QJC2P9E0KJ	java.lang:type=Threading	getThreadAllocatedBytes	dataserver2	41	318464
1447439742	WIN-5QJC2P9E0KJ	java.lang:type=Threading	getThreadCpuTime	dataserver2	40	0
1447439742	WIN-5QJC2P9E0KJ	java.lang:type=Threading	getThreadUserTime	dataserver2	40	0
1447439742	WIN-5QJC2P9E0KJ	java.lang:type=Threading	getThreadAllocatedBytes	dataserver2	40	1769592
1447439742	WIN-5QJC2P9E0KJ	java.lang:type=Threading	getThreadCpuTime	dataserver2	39	0
1447439742	WIN-5QJC2P9E0KJ	java.lang:type=Threading	getThreadUserTime	dataserver2	39	0
1447439742	WIN-5QJC2P9E0KJ	java.lang:type=Threading	getThreadAllocatedBytes	dataserver2	39	120
1447439742	WIN-5QJC2P9E0KJ	java.lang:type=Threading	getThreadCpuTime	dataserver2	38	0
1447439742	WIN-5QJC2P9E0KJ	java.lang:type=Threading	getThreadUserTime	dataserver2	38	0
1447439742	WIN-5QJC2P9E0KJ	java.lang:type=Threading	getThreadAllocatedBytes	dataserver2	38	0
1447439742	WIN-5QJC2P9E0KJ	java.lang:type=Threading	getThreadCpuTime	dataserver2	37	0
1447439742	WIN-5QJC2P9E0KJ	java.lang:type=Threading	getThreadUserTime	dataserver2	37	0
1447439742	WIN-5QJC2P9E0KJ	java.lang:type=Threading	getThreadAllocatedBytes	dataserver2	37	262384
1447439742	WIN-5QJC2P9E0KJ	java.lang:type=Threading	getThreadCpuTime	dataserver2	36	0
1447439742	WIN-5QJC2P9E0KJ	java.lang:type=Threading	getThreadUserTime	dataserver2	36	0
1447439742	WIN-5QJC2P9E0KJ	java.lang:type=Threading	getThreadAllocatedBytes	dataserver2	36	5078320
1447439742	WIN-5QJC2P9E0KJ	java.lang:type=Threading	getThreadCpuTime	dataserver2	35	156250000
1447439742	WIN-5QJC2P9E0KJ	java.lang:type=Threading	getThreadUserTime	dataserver2	35	78125000
1447439742	WIN-5QJC2P9E0KJ	java.lang:type=Threading	getThreadAllocatedBytes	dataserver2	35	11881888
1447439742	WIN-5QJC2P9E0KJ	java.lang:type=Threading	getThreadCpuTime	dataserver2	34	187500000
1447439742	WIN-5QJC2P9E0KJ	java.lang:type=Threading	getThreadUserTime	dataserver2	34	171875000
1447439742	WIN-5QJC2P9E0KJ	java.lang:type=Threading	getThreadAllocatedBytes	dataserver2	34	26172280
1447439742	WIN-5QJC2P9E0KJ	java.lang:type=Threading	getThreadCpuTime	dataserver2	33	15625000
1447439742	WIN-5QJC2P9E0KJ	java.lang:type=Threading	getThreadUserTime	dataserver2	33	15625000
1447439742	WIN-5QJC2P9E0KJ	java.lang:type=Threading	getThreadAllocatedBytes	dataserver2	33	24997176
1447439742	WIN-5QJC2P9E0KJ	java.lang:type=Threading	getThreadCpuTime	dataserver2	32	4906250000
1447439742	WIN-5QJC2P9E0KJ	java.lang:type=Threading	getThreadUserTime	dataserver2	32	1906250000
1447439742	WIN-5QJC2P9E0KJ	java.lang:type=Threading	getThreadAllocatedBytes	dataserver2	32	483727560
1447439742	WIN-5QJC2P9E0KJ	java.lang:type=Threading	getThreadCpuTime	dataserver2	28	31250000
1447439742	WIN-5QJC2P9E0KJ	java.lang:type=Threading	getThreadUserTime	dataserver2	28	31250000
1447439742	WIN-5QJC2P9E0KJ	java.lang:type=Threading	getThreadAllocatedBytes	dataserver2	28	324928
1447439742	WIN-5QJC2P9E0KJ	java.lang:type=Threading	getThreadCpuTime	dataserver2	25	0
1447439742	WIN-5QJC2P9E0KJ	java.lang:type=Threading	getThreadUserTime	dataserver2	25	0
1447439742	WIN-5QJC2P9E0KJ	java.lang:type=Threading	getThreadAllocatedBytes	dataserver2	25	0
1447439742	WIN-5QJC2P9E0KJ	java.lang:type=Threading	getThreadCpuTime	dataserver2	24	0
1447439742	WIN-5QJC2P9E0KJ	java.lang:type=Threading	getThreadUserTime	dataserver2	24	0
1447439742	WIN-5QJC2P9E0KJ	java.lang:type=Threading	getThreadAllocatedBytes	dataserver2	24	600
1447439742	WIN-5QJC2P9E0KJ	java.lang:type=Threading	getThreadCpuTime	dataserver2	23	15625000
1447439742	WIN-5QJC2P9E0KJ	java.lang:type=Threading	getThreadUserTime	dataserver2	23	15625000
1447439742	WIN-5QJC2P9E0KJ	java.lang:type=Threading	getThreadAllocatedBytes	dataserver2	23	44800
1447439742	WIN-5QJC2P9E0KJ	java.lang:type=Threading	getThreadCpuTime	dataserver2	22	62500000
1447439742	WIN-5QJC2P9E0KJ	java.lang:type=Threading	getThreadUserTime	dataserver2	22	62500000
1447439742	WIN-5QJC2P9E0KJ	java.lang:type=Threading	getThreadAllocatedBytes	dataserver2	22	559240
1447439742	WIN-5QJC2P9E0KJ	java.lang:type=Threading	getThreadCpuTime	dataserver2	6	0
1447439742	WIN-5QJC2P9E0KJ	java.lang:type=Threading	getThreadUserTime	dataserver2	6	0
1447439742	WIN-5QJC2P9E0KJ	java.lang:type=Threading	getThreadAllocatedBytes	dataserver2	6	0
1447439742	WIN-5QJC2P9E0KJ	java.lang:type=Threading	getThreadCpuTime	dataserver2	5	0
1447439742	WIN-5QJC2P9E0KJ	java.lang:type=Threading	getThreadUserTime	dataserver2	5	0
1447439742	WIN-5QJC2P9E0KJ	java.lang:type=Threading	getThreadAllocatedBytes	dataserver2	5	0
1447439742	WIN-5QJC2P9E0KJ	java.lang:type=Threading	getThreadCpuTime	dataserver2	3	46875000
1447439742	WIN-5QJC2P9E0KJ	java.lang:type=Threading	getThreadUserTime	dataserver2	3	46875000
1447439742	WIN-5QJC2P9E0KJ	java.lang:type=Threading	getThreadAllocatedBytes	dataserver2	3	8600
1447439742	WIN-5QJC2P9E0KJ	java.lang:type=Threading	getThreadCpuTime	dataserver2	2	0
1447439742	WIN-5QJC2P9E0KJ	java.lang:type=Threading	getThreadUserTime	dataserver2	2	0
1447439742	WIN-5QJC2P9E0KJ	java.lang:type=Threading	getThreadAllocatedBytes	dataserver2	2	0
1447439742	WIN-5QJC2P9E0KJ	java.lang:type=Threading	getThreadCpuTime	dataserver2	1	1921875000
1447439742	WIN-5QJC2P9E0KJ	java.lang:type=Threading	getThreadUserTime	dataserver2	1	1750000000
1447439742	WIN-5QJC2P9E0KJ	java.lang:type=Threading	getThreadAllocatedBytes	dataserver2	1	24963224
1447439742	WIN-5QJC2P9E0KJ	java.lang:type=Threading	getThreadCpuTime	wgserver	45748	-1
1447439742	WIN-5QJC2P9E0KJ	java.lang:type=Threading	getThreadUserTime	wgserver	45748	-1
1447439742	WIN-5QJC2P9E0KJ	java.lang:type=Threading	getThreadAllocatedBytes	wgserver	45748	-1
1447439742	WIN-5QJC2P9E0KJ	java.lang:type=Threading	getThreadCpuTime	wgserver	44818	109375000
1447439742	WIN-5QJC2P9E0KJ	java.lang:type=Threading	getThreadUserTime	wgserver	44818	78125000
1447439742	WIN-5QJC2P9E0KJ	java.lang:type=Threading	getThreadAllocatedBytes	wgserver	44818	13768504
1447439742	WIN-5QJC2P9E0KJ	java.lang:type=Threading	getThreadCpuTime	wgserver	42245	2015625000
1447439742	WIN-5QJC2P9E0KJ	java.lang:type=Threading	getThreadUserTime	wgserver	42245	1656250000
1447439742	WIN-5QJC2P9E0KJ	java.lang:type=Threading	getThreadAllocatedBytes	wgserver	42245	179076208
1447439742	WIN-5QJC2P9E0KJ	java.lang:type=Threading	getThreadCpuTime	wgserver	8108	2265625000
1447439742	WIN-5QJC2P9E0KJ	java.lang:type=Threading	getThreadUserTime	wgserver	8108	1265625000
1447439742	WIN-5QJC2P9E0KJ	java.lang:type=Threading	getThreadAllocatedBytes	wgserver	8108	209414576
1447439742	WIN-5QJC2P9E0KJ	java.lang:type=Threading	getThreadCpuTime	wgserver	2696	1359375000
1447439742	WIN-5QJC2P9E0KJ	java.lang:type=Threading	getThreadUserTime	wgserver	2696	1312500000
1447439742	WIN-5QJC2P9E0KJ	java.lang:type=Threading	getThreadAllocatedBytes	wgserver	2696	185522168
1447439742	WIN-5QJC2P9E0KJ	java.lang:type=Threading	getThreadCpuTime	wgserver	2695	0
1447439742	WIN-5QJC2P9E0KJ	java.lang:type=Threading	getThreadUserTime	wgserver	2695	0
1447439742	WIN-5QJC2P9E0KJ	java.lang:type=Threading	getThreadAllocatedBytes	wgserver	2695	2176
1447439742	WIN-5QJC2P9E0KJ	java.lang:type=Threading	getThreadCpuTime	wgserver	48	0
1447439742	WIN-5QJC2P9E0KJ	java.lang:type=Threading	getThreadUserTime	wgserver	48	0
1447439742	WIN-5QJC2P9E0KJ	java.lang:type=Threading	getThreadAllocatedBytes	wgserver	48	924008
1447439742	WIN-5QJC2P9E0KJ	java.lang:type=Threading	getThreadCpuTime	wgserver	46	2171875000
1447439742	WIN-5QJC2P9E0KJ	java.lang:type=Threading	getThreadUserTime	wgserver	46	2078125000
1447439742	WIN-5QJC2P9E0KJ	java.lang:type=Threading	getThreadAllocatedBytes	wgserver	46	384107184
1447439742	WIN-5QJC2P9E0KJ	java.lang:type=Threading	getThreadCpuTime	wgserver	45	0
1447439742	WIN-5QJC2P9E0KJ	java.lang:type=Threading	getThreadUserTime	wgserver	45	0
1447439742	WIN-5QJC2P9E0KJ	java.lang:type=Threading	getThreadAllocatedBytes	wgserver	45	2336
1447439742	WIN-5QJC2P9E0KJ	java.lang:type=Threading	getThreadCpuTime	wgserver	43	0
1447439742	WIN-5QJC2P9E0KJ	java.lang:type=Threading	getThreadUserTime	wgserver	43	0
1447439742	WIN-5QJC2P9E0KJ	java.lang:type=Threading	getThreadAllocatedBytes	wgserver	43	1802208
1447439742	WIN-5QJC2P9E0KJ	java.lang:type=Threading	getThreadCpuTime	wgserver	42	15625000
1447439742	WIN-5QJC2P9E0KJ	java.lang:type=Threading	getThreadUserTime	wgserver	42	15625000
1447439742	WIN-5QJC2P9E0KJ	java.lang:type=Threading	getThreadAllocatedBytes	wgserver	42	105856
1447439742	WIN-5QJC2P9E0KJ	java.lang:type=Threading	getThreadCpuTime	wgserver	41	0
1447439742	WIN-5QJC2P9E0KJ	java.lang:type=Threading	getThreadUserTime	wgserver	41	0
1447439742	WIN-5QJC2P9E0KJ	java.lang:type=Threading	getThreadAllocatedBytes	wgserver	41	0
1447439742	WIN-5QJC2P9E0KJ	java.lang:type=Threading	getThreadCpuTime	wgserver	40	31250000
1447439742	WIN-5QJC2P9E0KJ	java.lang:type=Threading	getThreadUserTime	wgserver	40	15625000
1447439742	WIN-5QJC2P9E0KJ	java.lang:type=Threading	getThreadAllocatedBytes	wgserver	40	318848
1447439742	WIN-5QJC2P9E0KJ	java.lang:type=Threading	getThreadCpuTime	wgserver	39	0
1447439742	WIN-5QJC2P9E0KJ	java.lang:type=Threading	getThreadUserTime	wgserver	39	0
1447439742	WIN-5QJC2P9E0KJ	java.lang:type=Threading	getThreadAllocatedBytes	wgserver	39	1769592
1447439742	WIN-5QJC2P9E0KJ	java.lang:type=Threading	getThreadCpuTime	wgserver	38	0
1447439742	WIN-5QJC2P9E0KJ	java.lang:type=Threading	getThreadUserTime	wgserver	38	0
1447439742	WIN-5QJC2P9E0KJ	java.lang:type=Threading	getThreadAllocatedBytes	wgserver	38	120
1447439742	WIN-5QJC2P9E0KJ	java.lang:type=Threading	getThreadCpuTime	wgserver	37	0
1447439742	WIN-5QJC2P9E0KJ	java.lang:type=Threading	getThreadUserTime	wgserver	37	0
1447439742	WIN-5QJC2P9E0KJ	java.lang:type=Threading	getThreadAllocatedBytes	wgserver	37	0
1447439742	WIN-5QJC2P9E0KJ	java.lang:type=Threading	getThreadCpuTime	wgserver	36	0
1447439742	WIN-5QJC2P9E0KJ	java.lang:type=Threading	getThreadUserTime	wgserver	36	0
1447439742	WIN-5QJC2P9E0KJ	java.lang:type=Threading	getThreadAllocatedBytes	wgserver	36	262384
1447439742	WIN-5QJC2P9E0KJ	java.lang:type=Threading	getThreadCpuTime	wgserver	35	0
1447439742	WIN-5QJC2P9E0KJ	java.lang:type=Threading	getThreadUserTime	wgserver	35	0
1447439742	WIN-5QJC2P9E0KJ	java.lang:type=Threading	getThreadAllocatedBytes	wgserver	35	4229104
1447439742	WIN-5QJC2P9E0KJ	java.lang:type=Threading	getThreadCpuTime	wgserver	33	109375000
1447439742	WIN-5QJC2P9E0KJ	java.lang:type=Threading	getThreadUserTime	wgserver	33	93750000
1447439742	WIN-5QJC2P9E0KJ	java.lang:type=Threading	getThreadAllocatedBytes	wgserver	33	19113832
1447439742	WIN-5QJC2P9E0KJ	java.lang:type=Threading	getThreadCpuTime	wgserver	32	218750000
1447439742	WIN-5QJC2P9E0KJ	java.lang:type=Threading	getThreadUserTime	wgserver	32	93750000
1447439742	WIN-5QJC2P9E0KJ	java.lang:type=Threading	getThreadAllocatedBytes	wgserver	32	12761368
1447439742	WIN-5QJC2P9E0KJ	java.lang:type=Threading	getThreadCpuTime	wgserver	31	46875000
1447439742	WIN-5QJC2P9E0KJ	java.lang:type=Threading	getThreadUserTime	wgserver	31	46875000
1447439742	WIN-5QJC2P9E0KJ	java.lang:type=Threading	getThreadAllocatedBytes	wgserver	31	24111648
1447439742	WIN-5QJC2P9E0KJ	java.lang:type=Threading	getThreadCpuTime	wgserver	30	4578125000
1447439742	WIN-5QJC2P9E0KJ	java.lang:type=Threading	getThreadUserTime	wgserver	30	1796875000
1447439742	WIN-5QJC2P9E0KJ	java.lang:type=Threading	getThreadAllocatedBytes	wgserver	30	482770112
1447439742	WIN-5QJC2P9E0KJ	java.lang:type=Threading	getThreadCpuTime	wgserver	24	0
1447439742	WIN-5QJC2P9E0KJ	java.lang:type=Threading	getThreadUserTime	wgserver	24	0
1447439742	WIN-5QJC2P9E0KJ	java.lang:type=Threading	getThreadAllocatedBytes	wgserver	24	0
1447439742	WIN-5QJC2P9E0KJ	java.lang:type=Threading	getThreadCpuTime	wgserver	23	0
1447439742	WIN-5QJC2P9E0KJ	java.lang:type=Threading	getThreadUserTime	wgserver	23	0
1447439742	WIN-5QJC2P9E0KJ	java.lang:type=Threading	getThreadAllocatedBytes	wgserver	23	600
1447439742	WIN-5QJC2P9E0KJ	java.lang:type=Threading	getThreadCpuTime	wgserver	22	0
1447439742	WIN-5QJC2P9E0KJ	java.lang:type=Threading	getThreadUserTime	wgserver	22	0
1447439742	WIN-5QJC2P9E0KJ	java.lang:type=Threading	getThreadAllocatedBytes	wgserver	22	25920
1447439742	WIN-5QJC2P9E0KJ	java.lang:type=Threading	getThreadCpuTime	wgserver	21	15625000
1447439742	WIN-5QJC2P9E0KJ	java.lang:type=Threading	getThreadUserTime	wgserver	21	15625000
1447439742	WIN-5QJC2P9E0KJ	java.lang:type=Threading	getThreadAllocatedBytes	wgserver	21	298360
1447439742	WIN-5QJC2P9E0KJ	java.lang:type=Threading	getThreadCpuTime	wgserver	5	0
1447439742	WIN-5QJC2P9E0KJ	java.lang:type=Threading	getThreadUserTime	wgserver	5	0
1447439742	WIN-5QJC2P9E0KJ	java.lang:type=Threading	getThreadAllocatedBytes	wgserver	5	0
1447439742	WIN-5QJC2P9E0KJ	java.lang:type=Threading	getThreadCpuTime	wgserver	4	0
1447439742	WIN-5QJC2P9E0KJ	java.lang:type=Threading	getThreadUserTime	wgserver	4	0
1447439742	WIN-5QJC2P9E0KJ	java.lang:type=Threading	getThreadAllocatedBytes	wgserver	4	0
1447439742	WIN-5QJC2P9E0KJ	java.lang:type=Threading	getThreadCpuTime	wgserver	3	62500000
1447439742	WIN-5QJC2P9E0KJ	java.lang:type=Threading	getThreadUserTime	wgserver	3	62500000
1447439742	WIN-5QJC2P9E0KJ	java.lang:type=Threading	getThreadAllocatedBytes	wgserver	3	172048
1447439742	WIN-5QJC2P9E0KJ	java.lang:type=Threading	getThreadCpuTime	wgserver	2	78125000
1447439742	WIN-5QJC2P9E0KJ	java.lang:type=Threading	getThreadUserTime	wgserver	2	78125000
1447439742	WIN-5QJC2P9E0KJ	java.lang:type=Threading	getThreadAllocatedBytes	wgserver	2	0
1447439742	WIN-5QJC2P9E0KJ	java.lang:type=Threading	getThreadCpuTime	wgserver	1	2031250000
1447439742	WIN-5QJC2P9E0KJ	java.lang:type=Threading	getThreadUserTime	wgserver	1	1718750000
1447439742	WIN-5QJC2P9E0KJ	java.lang:type=Threading	getThreadAllocatedBytes	wgserver	1	28205600
